Serial no,Source,Title,Content,Summary,URL,Published date,Significance score,Content_type,Topic category
1,Google DeepMind,Google DeepMind Research Publications,Comprehensive collection of machine learning research papers from Google DeepMind covering breakthrough algorithms model architectures and theoretical foundations,Latest ML research from DeepMind including Gemini models AlphaFold and advanced neural network architectures with detailed technical papers,https://deepmind.google/research/publications/,2024-01-01,9.8,articles,Machine Learning & Deep Learning
2,OpenAI,OpenAI Research,Cutting-edge artificial intelligence research from OpenAI including GPT models DALL-E and breakthrough publications in language models and AI safety,Revolutionary AI research covering large language models multimodal AI and AI alignment with comprehensive technical documentation,https://openai.com/research/,2024-01-01,9.8,articles,Machine Learning & Deep Learning
3,Meta AI,Meta AI Research,Meta's artificial intelligence research division publishing papers on computer vision natural language processing and social AI applications,Advanced AI research from Meta covering LLaMA models computer vision and AI for social platforms with open-source contributions,https://ai.meta.com/research/,2024-01-01,9.7,articles,Machine Learning & Deep Learning
4,Microsoft Research,Microsoft Research AI,Microsoft's research division focusing on artificial intelligence machine learning and intelligent systems with enterprise applications,Enterprise-focused AI research including Azure AI services cognitive computing and productivity-enhancing AI tools with practical implementations,https://www.microsoft.com/en-us/research/research-area/artificial-intelligence/,2024-01-01,9.6,articles,Machine Learning & Deep Learning
5,Stanford AI Lab,Stanford AI Lab,Stanford University's Artificial Intelligence Laboratory conducting fundamental research in machine learning robotics and computer vision,Academic excellence in AI research covering foundation models human-AI interaction and ethical AI development with student contributions,https://ai.stanford.edu/,2024-01-01,9.5,articles,Machine Learning & Deep Learning
6,MIT CSAIL,MIT Computer Science and Artificial Intelligence Laboratory,MIT's premier AI research lab focusing on robotics computer vision and intelligent systems with interdisciplinary approaches,World-class AI research combining computer science and engineering with focus on practical applications and theoretical breakthroughs,https://www.csail.mit.edu/research/artificial-intelligence,2024-01-01,9.5,articles,Machine Learning & Deep Learning
7,Berkeley AI Research,Berkeley Artificial Intelligence Research,UC Berkeley's AI research division known for deep learning reinforcement learning and AI safety research,Leading academic AI research institution contributing to deep learning theory robotics and AI policy with open research culture,https://bair.berkeley.edu/,2024-01-01,9.4,articles,Machine Learning & Deep Learning
8,Carnegie Mellon AI,Carnegie Mellon Robotics Institute,Carnegie Mellon's robotics and AI research institute known for autonomous systems and human-robot interaction,Premier robotics research covering autonomous vehicles human-robot collaboration and AI systems integration,https://www.ri.cmu.edu/research/,2024-01-01,9.4,articles,Machine Learning & Deep Learning
9,Google AI Blog,Google AI Blog,Google's official artificial intelligence blog featuring latest research developments and practical AI applications,Regular updates on Google's AI breakthroughs including Transformer models TensorFlow developments and AI for good initiatives,https://ai.googleblog.com/,2024-01-01,8.8,articles,Machine Learning & Deep Learning
10,NVIDIA AI Blog,NVIDIA Deep Learning Blog,NVIDIA's deep learning and AI blog covering GPU computing AI training and inference optimization,Hardware-accelerated AI research covering CUDA developments AI workstation optimization and deep learning performance,https://blogs.nvidia.com/blog/category/deep-learning/,2024-01-01,8.7,articles,Machine Learning & Deep Learning
11,Papers With Code,Papers With Code,Community-driven platform connecting research papers with their code implementations and benchmarks,Comprehensive database of ML papers with reproducible code enabling researchers to build upon existing work,https://paperswithcode.com/,2024-01-01,8.9,articles,Machine Learning & Deep Learning
12,Distill,Distill Publication,Interactive and visual explanations of machine learning concepts and research with innovative presentation formats,High-quality visual explanations of complex ML concepts making advanced research accessible through interactive articles,https://distill.pub/,2024-01-01,8.6,articles,Machine Learning & Deep Learning
13,Towards Data Science,Towards Data Science Medium Publication,Popular Medium publication covering data science machine learning and AI with practical tutorials and insights,Community-driven content covering practical ML applications tutorials and industry insights for practitioners,https://towardsdatascience.com/,2024-01-01,8.2,articles,Machine Learning & Deep Learning
14,Machine Learning Mastery,Machine Learning Mastery,Practical machine learning tutorials and guides for practitioners covering algorithms implementation and best practices,Step-by-step ML tutorials and practical guides helping practitioners implement machine learning solutions effectively,https://machinelearningmastery.com/,2024-01-01,8.1,articles,Machine Learning & Deep Learning
15,CVPR Conference,Computer Vision and Pattern Recognition Conference,Premier computer vision conference featuring latest research in visual recognition image processing and scene understanding,Top-tier computer vision research conference showcasing breakthrough algorithms in image recognition and visual AI,https://cvpr.thecvf.com/,2024-01-01,9.7,articles,Computer Vision
16,ICCV Conference,International Conference on Computer Vision,Leading international conference on computer vision research covering 3D vision medical imaging and visual AI,Global computer vision research conference featuring innovations in 3D reconstruction medical imaging and visual understanding,https://iccv2023.thecvf.com/,2024-01-01,9.6,articles,Computer Vision
17,ECCV Conference,European Conference on Computer Vision,European computer vision conference showcasing research in image analysis visual recognition and computational photography,European excellence in computer vision research covering advanced image analysis and computational photography techniques,https://eccv2024.ecva.net/,2024-01-01,9.5,articles,Computer Vision
18,IEEE TPAMI,IEEE Transactions on Pattern Analysis and Machine Intelligence,Prestigious journal publishing computer vision and pattern recognition research with rigorous peer review,Premier academic journal for computer vision research featuring theoretical foundations and practical applications,https://www.computer.org/csdl/journal/tp,2024-01-01,9.4,articles,Computer Vision
19,IJCV Journal,International Journal of Computer Vision,Leading computer vision journal covering theoretical and applied research in visual computing and image understanding,Authoritative computer vision journal publishing fundamental research in visual perception and image processing algorithms,https://link.springer.com/journal/11263,2024-01-01,9.3,articles,Computer Vision
20,OpenCV Blog,OpenCV Official Blog,Open source computer vision library blog featuring tutorials implementation guides and community contributions,Practical computer vision tutorials and implementations using the world's most popular CV library,https://opencv.org/blog/,2024-01-01,8.5,articles,Computer Vision
21,PyImageSearch,PyImageSearch Computer Vision Blog,Computer vision and image processing tutorials using Python OpenCV and deep learning frameworks,Hands-on computer vision tutorials covering practical implementations from basic image processing to advanced deep learning,https://pyimagesearch.com/,2024-01-01,8.4,articles,Computer Vision
22,Computer Vision News,Computer Vision News Magazine,Industry magazine covering computer vision technology trends applications and research developments,Industry insights and trends in computer vision covering commercial applications and emerging technologies,https://www.computervision.news/,2024-01-01,8.2,articles,Computer Vision
23,Vision Systems Design,Vision Systems Design Magazine,Industrial computer vision magazine covering machine vision automation and inspection systems,Industrial computer vision applications covering manufacturing automation and quality inspection systems,https://www.vision-systems.com/,2024-01-01,8.1,articles,Computer Vision
24,MATLAB Computer Vision,MATLAB Computer Vision Solutions,MATLAB's computer vision toolbox documentation tutorials and industry applications,Professional computer vision tools and tutorials for MATLAB-based vision system development,https://www.mathworks.com/solutions/computer-vision.html,2024-01-01,8.0,articles,Computer Vision
25,Hugging Face Blog,Hugging Face Official Blog,Leading NLP platform blog covering transformer models language processing and open-source AI developments,Community-driven NLP research featuring transformer innovations and open-source language model developments,https://huggingface.co/blog,2024-01-01,9.6,articles,Natural Language Processing & LLMs
26,Anthropic Research,Anthropic AI Safety Research,Anthropic's research on AI safety constitutional AI and responsible language model development,Cutting-edge research in AI safety and alignment focusing on helpful harmless and honest AI systems,https://www.anthropic.com/research,2024-01-01,9.5,articles,Natural Language Processing & LLMs
27,ACL Anthology,ACL Anthology NLP Papers,Comprehensive collection of computational linguistics and natural language processing research papers,Complete archive of NLP research papers from major conferences providing comprehensive linguistic and computational insights,https://aclanthology.org/,2024-01-01,9.4,articles,Natural Language Processing & LLMs
28,EMNLP Conference,Conference on Empirical Methods in Natural Language Processing,Premier NLP conference focusing on empirical approaches to language understanding and generation,Leading empirical NLP research conference showcasing data-driven approaches to language understanding and generation,https://2024.emnlp.org/,2024-01-01,9.3,articles,Natural Language Processing & LLMs
29,NAACL Conference,North American Chapter of Association for Computational Linguistics,North American computational linguistics conference covering language processing research and applications,Regional excellence in computational linguistics covering diverse language processing research and applications,https://2024.naacl.org/,2024-01-01,9.2,articles,Natural Language Processing & LLMs
30,Cohere AI Blog,Cohere AI Research Blog,Cohere's natural language processing research covering enterprise language AI and API developments,Enterprise-focused NLP research covering language AI APIs and business applications of large language models,https://cohere.com/blog,2024-01-01,8.8,articles,Natural Language Processing & LLMs
31,Allen Institute AI,Allen Institute for Artificial Intelligence,AI2's research on natural language understanding computer vision and commonsense reasoning,Non-profit AI research focusing on natural language understanding and commonsense reasoning with open research contributions,https://allenai.org/publications,2024-01-01,8.7,articles,Natural Language Processing & LLMs
32,spaCy Blog,spaCy Industrial NLP Blog,Industrial-strength natural language processing library blog with practical NLP implementations,Production-ready NLP tools and tutorials covering industrial applications of natural language processing,https://spacy.io/blog,2024-01-01,8.3,articles,Natural Language Processing & LLMs
33,NLTK,Natural Language Toolkit,Comprehensive natural language processing library and educational resources for Python developers,Educational NLP resources and toolkit providing foundational tools for natural language processing in Python,https://www.nltk.org/,2024-01-01,8.2,articles,Natural Language Processing & LLMs
34,Stanford NLP Group,Stanford Natural Language Processing Group,Stanford University's NLP research group covering language understanding generation and computational linguistics,Academic excellence in NLP research covering theoretical foundations and practical applications of language processing,https://nlp.stanford.edu/,2024-01-01,8.9,articles,Natural Language Processing & LLMs
35,NLP Progress,Natural Language Processing Progress,Community-driven tracking of NLP research progress across various tasks and benchmarks,Comprehensive tracking of NLP research progress providing benchmarks and state-of-the-art results across language tasks,https://nlpprogress.com/,2024-01-01,8.4,articles,Natural Language Processing & LLMs
36,Sebastian Ruder Blog,Sebastian Ruder NLP Research Blog,Personal research blog covering NLP trends transfer learning and multilingual processing,Insightful NLP research commentary covering transfer learning multilingual NLP and research trends analysis,https://ruder.io/,2024-01-01,8.3,articles,Natural Language Processing & LLMs
37,IEEE Robotics,IEEE Robotics and Automation Society,Professional society for robotics and automation research covering theoretical and applied robotics,Global robotics research community featuring cutting-edge developments in robot design control and applications,https://www.ieee-ras.org/,2024-01-01,9.5,articles,Robotics & Automation
38,IJRR Journal,International Journal of Robotics Research,Premier robotics research journal publishing theoretical and experimental robotics research,Authoritative robotics research journal covering fundamental robotics theory and experimental validation,https://journals.sagepub.com/home/ijr,2024-01-01,9.4,articles,Robotics & Automation
39,RSS Conference,Robotics Science and Systems Conference,Leading robotics conference covering algorithmic foundations and system integration,Premier robotics research conference focusing on algorithmic foundations and practical robot system implementations,https://roboticsconference.org/,2024-01-01,9.3,articles,Robotics & Automation
40,ICRA Conference,IEEE International Conference on Robotics and Automation,Major robotics conference featuring latest developments in robotic systems and automation technologies,Global robotics conference showcasing innovations in robot design automation and human-robot interaction,https://www.icra2024.org/,2024-01-01,9.2,articles,Robotics & Automation
41,IROS Conference,IEEE/RSJ International Conference on Intelligent Robots and Systems,International conference on intelligent robotics covering autonomous systems and robot intelligence,International robotics conference covering intelligent robot systems and autonomous behavior development,https://ieee-iros.org/,2024-01-01,9.1,articles,Robotics & Automation
42,Boston Dynamics Blog,Boston Dynamics Official Blog,Boston Dynamics blog featuring advanced robotics development and dynamic robot demonstrations,Industry-leading robotics developments showcasing advanced robot mobility and dynamic movement capabilities,https://www.bostondynamics.com/blog,2024-01-01,8.6,articles,Robotics & Automation
43,ROS News,Robot Operating System News,ROS community news covering open-source robotics software development and ecosystem updates,Open-source robotics platform updates covering ROS development tools and community contributions,https://www.ros.org/news/,2024-01-01,8.4,articles,Robotics & Automation
44,Robotics Business Review,Robotics Business Review Magazine,Business-focused robotics publication covering industry trends market analysis and commercial applications,Commercial robotics insights covering market trends business applications and industry analysis,https://www.roboticsbusinessreview.com/,2024-01-01,8.2,articles,Robotics & Automation
45,IEEE Spectrum Robotics,IEEE Spectrum Robotics Section,IEEE Spectrum's robotics coverage featuring engineering insights and technology developments,Engineering perspective on robotics covering technical developments and practical applications in various industries,https://spectrum.ieee.org/robotics,2024-01-01,8.3,articles,Robotics & Automation
46,The Robot Report,The Robot Report Industry News,Robotics industry news covering market developments company updates and technology trends,Industry news and analysis covering robotics market developments and commercial robot deployments,https://www.therobotreport.com/,2024-01-01,8.1,articles,Robotics & Automation
47,IBM Quantum Network,IBM Quantum Network Research,IBM's quantum computing research network featuring quantum algorithms and hardware developments,Leading quantum computing research covering quantum algorithms hardware development and practical applications,https://quantum-network.ibm.com/,2024-01-01,9.4,articles,Quantum AI & Computing
48,Google Quantum AI,Google Quantum AI Research,Google's quantum artificial intelligence research covering quantum machine learning and quantum advantage,Cutting-edge quantum AI research combining quantum computing with machine learning for breakthrough capabilities,https://quantumai.google/,2024-01-01,9.3,articles,Quantum AI & Computing
49,Microsoft Quantum,Microsoft Azure Quantum,Microsoft's quantum computing platform covering quantum development tools and cloud-based quantum services,Enterprise quantum computing solutions providing cloud-based quantum development tools and services,https://azure.microsoft.com/en-us/solutions/quantum-computing/,2024-01-01,9.2,articles,Quantum AI & Computing
50,Rigetti Computing,Rigetti Computing Blog,Rigetti's quantum computing blog covering quantum cloud services and hybrid classical-quantum algorithms,Quantum cloud computing developments focusing on hybrid algorithms and practical quantum applications,https://www.rigetti.com/blog,2024-01-01,8.8,articles,Quantum AI & Computing
51,IonQ Blog,IonQ Quantum Computing Blog,IonQ's trapped ion quantum computing blog featuring quantum hardware and algorithm developments,Trapped ion quantum computing innovations covering hardware advances and quantum algorithm implementations,https://ionq.com/resources/blog,2024-01-01,8.7,articles,Quantum AI & Computing
52,Quantum Computing Report,Quantum Computing Report News,Independent quantum computing news covering industry developments research breakthroughs and market analysis,Comprehensive quantum computing industry coverage providing market analysis and technology developments,https://quantumcomputingreport.com/,2024-01-01,8.4,articles,Quantum AI & Computing
53,Nature Quantum Information,Nature Quantum Information Journal,Nature's quantum information science journal featuring peer-reviewed research in quantum technologies,Premier academic journal for quantum information research covering theoretical and experimental quantum science,https://www.nature.com/natquantuminf/,2024-01-01,9.1,articles,Quantum AI & Computing
54,Quantum Algorithm Zoo,Quantum Algorithm Zoo Database,Comprehensive database of quantum algorithms covering various quantum computing applications and implementations,Educational resource cataloging quantum algorithms with implementations and complexity analysis,https://quantumalgorithmzoo.org/,2024-01-01,8.3,articles,Quantum AI & Computing
55,Qiskit Textbook,Qiskit Quantum Computing Textbook,IBM's open-source quantum computing textbook covering quantum algorithms and programming,Educational quantum computing resource providing hands-on learning with practical quantum programming,https://qiskit.org/textbook/,2024-01-01,8.5,learning,Quantum AI & Computing
56,Physical Review Quantum,Physical Review Quantum Journal,American Physical Society journal covering quantum information science and quantum technologies,Authoritative quantum physics journal publishing cutting-edge research in quantum information and technologies,https://journals.aps.org/prquantum/,2024-01-01,9.0,articles,Quantum AI & Computing
57,AI Safety Research,AI Safety Research Community,Community-driven AI safety research covering alignment interpretability and robustness in AI systems,Critical AI safety research addressing alignment problems interpretability and robust AI system development,https://www.aisafety.org/,2024-01-01,9.2,articles,AI Ethics & Safety
58,Future of Humanity Institute,Future of Humanity Institute Oxford,Oxford University's research institute focusing on existential risks and AI governance,Academic research on existential risks AI governance and long-term impacts of artificial intelligence,https://www.fhi.ox.ac.uk/,2024-01-01,9.1,articles,AI Ethics & Safety
59,Center for AI Safety,Center for AI Safety Research,Research organization focused on AI safety technical research and policy recommendations,Technical AI safety research addressing catastrophic risks and developing safety-first AI development practices,https://www.safe.ai/,2024-01-01,9.0,articles,AI Ethics & Safety
60,Partnership on AI,Partnership on AI Consortium,Multi-stakeholder partnership addressing AI's societal impacts and responsible AI development,Industry consortium developing best practices for responsible AI development and deployment,https://www.partnershiponai.org/,2024-01-01,8.8,articles,AI Ethics & Safety
61,AI Now Institute,AI Now Institute Research,Research institute examining social implications of AI and algorithmic accountability,Social impact research examining AI's effects on society labor and democratic institutions,https://ainowinstitute.org/,2024-01-01,8.7,articles,AI Ethics & Safety
62,AI Ethics Lab,AI Ethics Lab Research,Research lab focusing on ethical AI development and responsible technology governance,Practical ethics research providing frameworks for responsible AI development and ethical technology governance,https://aiethicslab.com/,2024-01-01,8.3,articles,AI Ethics & Safety
63,IEEE Ethics in Action,IEEE Ethics in Action Initiative,IEEE's ethics initiative covering responsible engineering and AI development standards,Professional engineering ethics covering responsible AI development and ethical technology standards,https://ethicsinaction.ieee.org/,2024-01-01,8.2,articles,AI Ethics & Safety
64,MIT Technology Review AI,MIT Technology Review AI Coverage,MIT Technology Review's artificial intelligence coverage featuring analysis and trend reporting,Authoritative AI journalism covering technology trends business implications and research developments,https://www.technologyreview.com/topic/artificial-intelligence/,2024-01-01,8.5,articles,AI Ethics & Safety
65,VentureBeat AI,VentureBeat AI News,VentureBeat's AI coverage focusing on business applications and industry developments,Business-focused AI news covering enterprise applications startup developments and market trends,https://venturebeat.com/ai/,2024-01-01,8.1,articles,AI Ethics & Safety
66,The Gradient,The Gradient AI Publication,Community publication covering AI research with accessible explanations and diverse perspectives,Community-driven AI research publication providing accessible explanations and diverse research perspectives,https://thegradient.pub/,2024-01-01,8.4,articles,AI Ethics & Safety
67,TensorFlow Blog,TensorFlow Official Blog,Google's TensorFlow machine learning platform blog featuring tutorials updates and best practices,Leading ML framework updates covering TensorFlow developments tutorials and production ML best practices,https://blog.tensorflow.org/,2024-01-01,8.8,articles,AI Tools & Platforms
68,PyTorch Blog,PyTorch Official Blog,Facebook's PyTorch deep learning framework blog covering research tools and community contributions,Dynamic deep learning framework updates covering PyTorch research tools and community-driven developments,https://pytorch.org/blog/,2024-01-01,8.7,articles,AI Tools & Platforms
69,Weights & Biases,Weights and Biases Research,MLOps platform blog covering experiment tracking model management and ML infrastructure,ML experiment tracking and infrastructure covering MLOps best practices and research collaboration tools,https://wandb.ai/site/research,2024-01-01,8.4,articles,AI Tools & Platforms
70,MLflow Blog,MLflow Open Source Blog,MLflow machine learning lifecycle management platform covering model tracking and deployment,Open-source ML lifecycle management covering model tracking deployment and production ML workflows,https://mlflow.org/blog/,2024-01-01,8.2,articles,AI Tools & Platforms
71,Kubeflow,Kubeflow Machine Learning Platform,Kubernetes-based machine learning platform covering ML pipelines and cloud-native AI workflows,Cloud-native ML platform covering Kubernetes-based ML pipelines and scalable AI workflow management,https://www.kubeflow.org/docs/,2024-01-01,8.1,articles,AI Tools & Platforms
72,Kaggle Learn,Kaggle Learning Platform,Kaggle's educational platform covering data science machine learning and AI competitions,Community-driven data science education covering practical ML skills and competitive data science,https://www.kaggle.com/learn,2024-01-01,8.3,learning,AI Tools & Platforms
73,Google Colab,Google Colaboratory,Google's cloud-based Jupyter notebook environment for machine learning and data science,Cloud-based ML development environment providing free GPU access and collaborative notebook development,https://colab.research.google.com/,2024-01-01,8.0,tools,AI Tools & Platforms
74,Jupyter Blog,Project Jupyter Blog,Jupyter project blog covering interactive computing and notebook development,Interactive computing platform updates covering Jupyter notebook development and scientific computing tools,https://blog.jupyter.org/,2024-01-01,7.9,articles,AI Tools & Platforms
75,Apache Spark MLlib,Apache Spark Machine Learning Library,Apache Spark's machine learning library covering distributed ML and big data analytics,Distributed machine learning covering big data analytics and scalable ML algorithm implementations,https://spark.apache.org/mllib/,2024-01-01,8.2,articles,AI Tools & Platforms
76,Scikit-learn,Scikit-learn Machine Learning Library,Python machine learning library covering classical ML algorithms and data preprocessing,Comprehensive Python ML library providing classical algorithms and data preprocessing tools for practitioners,https://scikit-learn.org/stable/whats_new.html,2024-01-01,8.1,articles,AI Tools & Platforms
77,Stability AI Research,Stability AI Research Publications,Stability AI's research covering generative models diffusion models and creative AI applications,Generative AI research covering diffusion models image generation and creative AI applications,https://stability.ai/research,2024-01-01,8.9,articles,Generative AI & Creative AI
78,Midjourney Documentation,Midjourney AI Art Platform,Midjourney's AI art generation platform documentation and community resources,AI art generation platform covering creative AI tools and artistic image synthesis techniques,https://docs.midjourney.com/,2024-01-01,8.3,articles,Generative AI & Creative AI
79,RunwayML Research,RunwayML Creative AI Research,RunwayML's creative AI research covering video generation image editing and creative tools,Creative AI research focusing on video generation image editing and artistic AI tool development,https://research.runwayml.com/,2024-01-01,8.5,articles,Generative AI & Creative AI
80,DALL-E Research,OpenAI DALL-E Research,OpenAI's DALL-E image generation research covering text-to-image synthesis and multimodal AI,Breakthrough text-to-image synthesis research covering multimodal AI and creative image generation,https://openai.com/dall-e-2/,2024-01-01,8.8,articles,Generative AI & Creative AI